threshold,anomaly_count,anomaly_rate
2.0,281601,0.04662367017049368
2.5,140063,0.023189729848579574
3.0,69143,0.011447759157809967
